,mxnet,tensorflow,seed,dim
0,2.302205679,0.08012956299999985,0,20000
1,0.01806157399999897,0.007247586000000084,0,20000
2,0.01645348000000091,0.00651576199999937,0,20000
3,0.016349534999999804,0.006530554999999438,0,20000
4,0.01675494500000063,0.006475099999999401,0,20000
5,0.015274098999999097,0.00659249000000095,1,20000
6,0.016447714999999974,0.00647512399999961,1,20000
7,0.01624374600000067,0.006469084000000791,1,20000
8,0.016412335000000056,0.0064881520000010795,1,20000
9,0.016201837000000552,0.006525080000001182,1,20000
10,0.014359490000000363,0.006532496000000165,2,20000
11,0.016486667000000566,0.006484488999999982,2,20000
12,0.01616092999999985,0.006472686000000394,2,20000
13,0.016004121000001703,0.00647112500000091,2,20000
14,0.01580823299999956,0.006521455999999759,2,20000
15,0.014785965999999817,0.00658727599999942,3,20000
16,0.015856248000000406,0.006441654000001407,3,20000
17,0.015856678999998763,0.0065148979999989365,3,20000
18,0.016592966999999348,0.00651935700000017,3,20000
19,0.015922729999999774,0.006458002999998769,3,20000
20,0.015496240999999245,0.0064765919999985044,4,20000
21,0.016248184000000165,0.0064457329999996205,4,20000
22,0.014623496000000458,0.005907854000000157,4,20000
23,0.014594985999998755,0.005854361000000807,4,20000
24,0.016173446999999896,0.006325517000000502,4,20000
25,0.014569884000000144,0.006408287000001067,5,20000
26,0.015770185999999242,0.006483637999998848,5,20000
27,0.016111323999998817,0.006476254000000736,5,20000
28,0.01597181999999897,0.006466070999998408,5,20000
29,0.0208401630000008,0.007459631000001465,5,20000
30,0.01389689400000016,0.005552455000000123,6,20000
31,0.014696980000000082,0.005339562000001408,6,20000
32,0.015228778999999193,0.0053087519999994726,6,20000
33,0.014836365999999046,0.0053043580000000645,6,20000
34,0.014808165000001594,0.005338328000000558,6,20000
35,0.012581327999999559,0.005611094000000705,7,20000
36,0.01224940900000071,0.006084602999999689,7,20000
37,0.015333787000001209,0.005321896999999964,7,20000
38,0.015207368000000443,0.005320615000000473,7,20000
39,0.015264652999999129,0.005322036000000807,7,20000
40,0.012071075999999792,0.00489342800000081,8,20000
41,0.014900155000001192,0.005308162000000394,8,20000
42,0.014919374999999846,0.005298415999998696,8,20000
43,0.014861269999999038,0.005373230000000007,8,20000
44,0.014801846999999313,0.005283866999999276,8,20000
45,0.01216408999999885,0.005403014000000539,9,20000
46,0.012822000000001665,0.004884794000000525,9,20000
47,0.01482838899999983,0.005302493000000297,9,20000
48,0.013085726999999991,0.005281686000000008,9,20000
49,0.014924835000000414,0.005345566000000801,9,20000
50,0.012446003999999178,0.004405135000000726,10,20000
51,0.013867119000000372,0.005309502000001132,10,20000
52,0.014815066999998905,0.005374909000000372,10,20000
53,0.01867991499999988,0.005330531999998556,10,20000
54,0.014807825000000108,0.005276143000001454,10,20000
55,0.012172097000000548,0.006147952000000956,11,20000
56,0.01531778000000017,0.005383122999999657,11,20000
57,0.01542512099999982,0.005326528999999525,11,20000
58,0.01487681800000118,0.005313967999999392,11,20000
59,0.014971104000000679,0.005331395000000683,11,20000
60,0.014323989999999398,0.005417184999998881,12,20000
61,0.014902217000001272,0.005304548999999881,12,20000
62,0.012172915999999034,0.00493235500000111,12,20000
63,0.014704465999999528,0.005297722999999976,12,20000
64,0.01516207499999922,0.005292665000000696,12,20000
65,0.014318896999998998,0.005410947999999749,13,20000
66,0.015215337000000773,0.005330237999999099,13,20000
67,0.018432903999999084,0.00550258600000042,13,20000
68,0.015056688999999679,0.005317879999999775,13,20000
69,0.01492181000000059,0.005307779999998985,13,20000
70,0.012290949000000495,0.005066341999999224,14,20000
71,0.014867884000000942,0.0052851679999985635,14,20000
72,0.014716736000000452,0.005300274999999743,14,20000
73,0.014661330999999223,0.005306773999999237,14,20000
74,0.01504101999999996,0.005348381999999319,14,20000
75,0.01326826600000075,0.005383207000001278,15,20000
76,0.01648221099999958,0.005356087999999204,15,20000
77,0.014963684000001365,0.005321720999999613,15,20000
78,0.014840789000000854,0.00537803499999967,15,20000
79,0.014921672999999913,0.005330426000000443,15,20000
80,0.013411246000000432,0.0054026419999999575,16,20000
81,0.015146838999999801,0.005316543999999368,16,20000
82,0.014828789999999259,0.005303797999999915,16,20000
83,0.014838395000001725,0.005313572000000377,16,20000
84,0.014962254000000286,0.005317126999999644,16,20000
85,0.012774594000003248,0.005081889999999589,17,20000
86,0.012598143999998257,0.004874629999999769,17,20000
87,0.014725684000001849,0.005305548000002602,17,20000
88,0.014955970000002594,0.005332440000000105,17,20000
89,0.014811670000000277,0.005320176000001453,17,20000
90,0.012422947000001017,0.005424015000002669,18,20000
91,0.014779671999999522,0.005378782999997611,18,20000
92,0.01480714799999916,0.005314937000001407,18,20000
93,0.014795430999999581,0.004777855000000386,18,20000
94,0.01265841799999734,0.0051292879999991214,18,20000
95,0.012467866000001493,0.008044865999998763,19,20000
96,0.01534575799999871,0.0060941210000002854,19,20000
97,0.019037349999997843,0.006157096999999112,19,20000
98,0.019248696999998316,0.0061175119999994365,19,20000
99,0.01234137300000171,0.0060955169999985515,19,20000
100,0.02472975599999927,0.008190191999997154,0,25000
101,0.0192763319999969,0.006129362999999444,0,25000
102,0.019715203000000514,0.006574014000001682,0,25000
103,0.019705339999998017,0.007001476999999312,0,25000
104,0.019988275999999416,0.006795236000002092,0,25000
105,0.015359120999999476,0.005124965000000259,1,25000
106,0.014688766000002573,0.006251051999999646,1,25000
107,0.020499927999999557,0.006814565000002659,1,25000
108,0.019828037999999992,0.007067197000001357,1,25000
109,0.021000522000001354,0.006491007000001048,1,25000
110,0.013426883000001055,0.0056209050000006755,2,25000
111,0.019782723000002278,0.0068736889999989614,2,25000
112,0.01471992199999761,0.006903319999999269,2,25000
113,0.021232169000001022,0.006930817999997174,2,25000
114,0.020121121999999048,0.006735300999999083,2,25000
115,0.01586867500000011,0.0061861980000017525,3,25000
116,0.01912715899999995,0.007035050000002485,3,25000
117,0.02129411800000014,0.006911749000000356,3,25000
118,0.020357060000002036,0.007053517000002785,3,25000
119,0.020456851999998804,0.007060842999997874,3,25000
120,0.023709198999998904,0.007184007000002879,4,25000
121,0.024961697999998478,0.006851384000000849,4,25000
122,0.023023261000002293,0.006086338999999441,4,25000
123,0.023719104000001323,0.006612756000002662,4,25000
124,0.02346322800000067,0.006112411000000151,4,25000
125,0.02068721299999865,0.004965247000001227,5,25000
126,0.021056454000000002,0.006950667000001687,5,25000
127,0.024263620999999347,0.006987923000000507,5,25000
128,0.02389345899999995,0.006554854999997417,5,25000
129,0.02107498000000163,0.006215329999999852,5,25000
130,0.01852221899999762,0.005029824000001071,6,25000
131,0.020171572999998943,0.006741386999998156,6,25000
132,0.02205944500000001,0.006504190999997661,6,25000
133,0.022536363999996922,0.006958501999999811,6,25000
134,0.02305965700000101,0.007080895999997949,6,25000
135,0.01944975700000029,0.005088587999999561,7,25000
136,0.021323046000002677,0.007125170999998431,7,25000
137,0.02270800900000225,0.006191272999998887,7,25000
138,0.022614688000000882,0.007080234000000019,7,25000
139,0.020681874000000988,0.006635651999999936,7,25000
140,0.0188857060000025,0.004903399999999891,8,25000
141,0.02003491900000043,0.0065247689999985425,8,25000
142,0.02240203000000207,0.007000632000000451,8,25000
143,0.023108319999998628,0.007003118000000086,8,25000
144,0.022416417000002298,0.006861059000002001,8,25000
145,0.01937488000000087,0.006965068000003072,9,25000
146,0.02163240899999863,0.007049234000000126,9,25000
147,0.02284361500000287,0.006663028999998488,9,25000
148,0.02106378899999939,0.0061954130000003715,9,25000
149,0.02206242100000111,0.006810247999997188,9,25000
150,0.01814244899999906,0.004804357000001147,10,25000
151,0.02111790900000088,0.006491517000000613,10,25000
152,0.0216683979999992,0.007003108999999341,10,25000
153,0.021947120000000098,0.006455473999999128,10,25000
154,0.02136778899999925,0.006977608999999774,10,25000
155,0.019283770000001255,0.0072584000000013305,11,25000
156,0.02267597699999868,0.006558203000000873,11,25000
157,0.023723508999999865,0.007070048999999301,11,25000
158,0.022420722999999754,0.007086496999999525,11,25000
159,0.025151650000001524,0.006714005000002743,11,25000
160,0.020956864000002184,0.005388292000002792,12,25000
161,0.02413579699999957,0.0069713759999991964,12,25000
162,0.023714950000002233,0.0063291370000015945,12,25000
163,0.02412776999999977,0.006902832000001524,12,25000
164,0.023891521999999554,0.006971279000001829,12,25000
165,0.02226118700000157,0.0070808660000025725,13,25000
166,0.0228535480000005,0.006232983999996833,13,25000
167,0.023811874999999816,0.006948644000001281,13,25000
168,0.024452353000000926,0.007063615999999939,13,25000
169,0.0237000870000017,0.006478600999997752,13,25000
170,0.02419698799999992,0.00703823499999956,14,25000
171,0.024148615000001428,0.006932751999997322,14,25000
172,0.024986438000002664,0.006602841000002968,14,25000
173,0.02436533099999849,0.006961098000001442,14,25000
174,0.024751010000002793,0.012185462000001479,14,25000
175,0.02089479700000041,0.006342198999998772,15,25000
176,0.021384703000002503,0.007230334000002614,15,25000
177,0.024384766000000724,0.006832684000002587,15,25000
178,0.02384123100000224,0.007096603000000812,15,25000
179,0.022560642000001963,0.006230801000000952,15,25000
180,0.022710403000001378,0.00695773200000005,16,25000
181,0.024243128999998476,0.006497915000000631,16,25000
182,0.023849997000002787,0.006959604000002173,16,25000
183,0.02499848300000096,0.007100734000001552,16,25000
184,0.02539721499999814,0.006414041000002868,16,25000
185,0.018384930999999938,0.0067688779999990345,17,25000
186,0.024308954999998633,0.007058166000000199,17,25000
187,0.022917900999999574,0.0062179859999993425,17,25000
188,0.02363703199999989,0.007034133000001219,17,25000
189,0.02298851400000146,0.006190057000001303,17,25000
190,0.022734897999999504,0.006982682000000295,18,25000
191,0.023833072999998706,0.006371975000000418,18,25000
192,0.019001970000001478,0.006094374999999985,18,25000
193,0.019403246000003094,0.006979817999997806,18,25000
194,0.019706138000000095,0.006375062000000042,18,25000
195,0.02257355100000069,0.007090808000000948,19,25000
196,0.023271781999998353,0.006167695999998557,19,25000
197,0.021701363000001805,0.007230442000000892,19,25000
198,0.023949117000000797,0.006497285000001796,19,25000
199,0.019928618000001563,0.007104078999997654,19,25000
200,0.027838065000000967,0.008535311999999351,0,30000
201,0.022764344000002268,0.00803784600000057,0,30000
202,0.021832617999997694,0.005760017000000062,0,30000
203,0.01625622299999918,0.007629408999999754,0,30000
204,0.027291919999999692,0.007588618999999852,0,30000
205,0.022646727999998006,0.0080699289999977,1,30000
206,0.02634731099999854,0.008069851999998434,1,30000
207,0.021442978999999696,0.005880096000002055,1,30000
208,0.024191348999998752,0.008057570000001846,1,30000
209,0.01642696900000118,0.007080729999998425,1,30000
210,0.022167768999999282,0.006504397999997025,2,30000
211,0.02564539700000168,0.007412620000000203,2,30000
212,0.02364012399999993,0.007983802999998346,2,30000
213,0.024319100999999677,0.0069986960000001375,2,30000
214,0.02421803600000061,0.007504961000002197,2,30000
215,0.021579552999998697,0.005828165000000496,3,30000
216,0.023517344000001827,0.007092227000001117,3,30000
217,0.024108314999999436,0.007090278999999811,3,30000
218,0.024469412000001967,0.008075091999998563,3,30000
219,0.02634456899999904,0.00805756400000135,3,30000
220,0.022048602000001694,0.006033205999997904,4,30000
221,0.025525578999999965,0.008048261999999085,4,30000
222,0.023935388000001723,0.008083291000001935,4,30000
223,0.026201192000002038,0.008024058000000167,4,30000
224,0.025778267999999827,0.008032640999999785,4,30000
225,0.0246330119999989,0.007945957000000448,5,30000
226,0.024850841999999318,0.007082176999997358,5,30000
227,0.024051034999999388,0.00704576500000087,5,30000
228,0.024111085999997783,0.007070953999999574,5,30000
229,0.02403126199999761,0.007063822000002773,5,30000
230,0.021325670000003072,0.005539648999999258,6,30000
231,0.022262780000001925,0.0076777029999988144,6,30000
232,0.024340050000002833,0.007039014000000066,6,30000
233,0.024527451999997396,0.007009774999996665,6,30000
234,0.025095886999999095,0.0073129300000012165,6,30000
235,0.023227544000000933,0.007664305999998788,7,30000
236,0.021418476000000908,0.005590662999999552,7,30000
237,0.02131104200000067,0.008053057000001473,7,30000
238,0.023188279999999395,0.00807514299999923,7,30000
239,0.025117569000002504,0.008252435999999364,7,30000
240,0.02205705700000138,0.005760587000001038,8,30000
241,0.021659005000000064,0.0057452130000008594,8,30000
242,0.021657362999999208,0.008013904000002015,8,30000
243,0.024071393999999913,0.006984301999999332,8,30000
244,0.024487068000002665,0.007523723000002036,8,30000
245,0.02439237000000105,0.007601013999998685,9,30000
246,0.022344468000000006,0.008199797999999703,9,30000
247,0.025613884999998504,0.008059205999998653,9,30000
248,0.0271689199999976,0.010036481000000208,9,30000
249,0.02281547700000175,0.007442467000000619,9,30000
250,0.025579045000000633,0.007807421999999065,10,30000
251,0.023936965999997284,0.007303497999998854,10,30000
252,0.022358952000001153,0.007556863999997887,10,30000
253,0.021966796000000954,0.008019265999998026,10,30000
254,0.023965292000003302,0.007533495999997086,10,30000
255,0.022446642999998545,0.007941576000000339,11,30000
256,0.0211584670000029,0.007473764000000216,11,30000
257,0.022051455999999803,0.008029945000000538,11,30000
258,0.023043010999998614,0.007352889000003415,11,30000
259,0.021894402000000923,0.008025169999999804,11,30000
260,0.021423592000001435,0.007629485000002489,12,30000
261,0.022038477999998918,0.007665502000001823,12,30000
262,0.022557464000001914,0.007988188999998869,12,30000
263,0.022766961999998614,0.008006449999999887,12,30000
264,0.021835515999999444,0.007312402000000162,12,30000
265,0.021813489999999547,0.008080266000000336,13,30000
266,0.022998060999999126,0.007290398000002085,13,30000
267,0.02176644100000047,0.008171878000002408,13,30000
268,0.020757767000002758,0.005782161999999147,13,30000
269,0.022331761000000228,0.008049972000002015,13,30000
270,0.021187734999998042,0.007915148999998678,14,30000
271,0.022874228999999247,0.0080139999999993,14,30000
272,0.024711965000001612,0.006580631999998587,14,30000
273,0.020906919999998053,0.007492724999998757,14,30000
274,0.02198604600000209,0.00679351000000139,14,30000
275,0.02231356000000062,0.007358130000000074,15,30000
276,0.024383067999998786,0.00991867499999799,15,30000
277,0.015283943000000022,0.006842580000000709,15,30000
278,0.014782276000001815,0.007092755999998701,15,30000
279,0.02077185099999923,0.007026146999997707,15,30000
280,0.019963263000001064,0.0074919930000021395,16,30000
281,0.022208967999997498,0.00811831999999768,16,30000
282,0.024289035999998987,0.007599212999998883,16,30000
283,0.02066015499999807,0.007213039999999893,16,30000
284,0.016584696999998982,0.00701119500000047,16,30000
285,0.015773815999999385,0.006997690999998696,17,30000
286,0.016250516999999576,0.0070517790000010905,17,30000
287,0.016511489999999185,0.006964645000000047,17,30000
288,0.015233359999999863,0.007145202000000239,17,30000
289,0.023016117000000946,0.007575885000001392,17,30000
290,0.021397606000000735,0.007150356000000357,18,30000
291,0.023119600000001128,0.008100655999999873,18,30000
292,0.023477876000001174,0.0073222040000011646,18,30000
293,0.023335959000000628,0.008800095999998092,18,30000
294,0.021977370000001883,0.007471323000000751,18,30000
295,0.022221554999998006,0.007206857999999983,19,30000
296,0.021454551999998017,0.008045161999998385,19,30000
297,0.02279860500000197,0.007114835999999514,19,30000
298,0.0235866040000019,0.008040995999998302,19,30000
299,0.021301564000001605,0.007706842000001046,19,30000
300,0.026565653999998773,0.009049930999999845,0,35000
301,0.022551301000000024,0.008775353000000763,0,35000
302,0.023985408000001485,0.00758274699999717,0,35000
303,0.025060409999998257,0.01023359699999915,0,35000
304,0.02247887900000123,0.008002391999998082,0,35000
305,0.022433785000000483,0.006421914000000584,1,35000
306,0.022677826999998985,0.008916928999997964,1,35000
307,0.025364019999997822,0.009125695000001599,1,35000
308,0.023337575999999416,0.00862152100000202,1,35000
309,0.022635779000001577,0.008931977000003144,1,35000
310,0.023002009999999018,0.008779760000003023,2,35000
311,0.02235527999999931,0.007572206999999054,2,35000
312,0.024104302999997884,0.008773655999998908,2,35000
313,0.025155513000001406,0.007969619000000705,2,35000
314,0.024351926999997886,0.008627092000001113,2,35000
315,0.023762912999998775,0.00843722699999816,3,35000
316,0.02463383699999966,0.00883820600000007,3,35000
317,0.02482783700000013,0.008904299999997534,3,35000
318,0.022043073999999052,0.00651394699999841,3,35000
319,0.019515406999996543,0.008571839000001802,3,35000
320,0.01665077600000231,0.007745450999998127,4,35000
321,0.017060711999999256,0.007740424999997941,4,35000
322,0.016937914999999748,0.007794242999999312,4,35000
323,0.01698748300000119,0.00772489200000237,4,35000
324,0.017602081999999797,0.007735692000000682,4,35000
325,0.015836147000001688,0.007827675000001477,5,35000
326,0.015107880999998713,0.008697778999998462,5,35000
327,0.018546175000000886,0.007814568000000577,5,35000
328,0.015811336999998815,0.007836018999999084,5,35000
329,0.015774346999997135,0.00785612099999966,5,35000
330,0.01635966399999944,0.011822957999999772,6,35000
331,0.016328225000002305,0.007735811999999953,6,35000
332,0.01862982000000102,0.007704668999998887,6,35000
333,0.023704212999998475,0.008971206000001786,6,35000
334,0.02227315100000027,0.007169703999998944,6,35000
335,0.02418401599999953,0.008055550000001688,7,35000
336,0.024300189999998167,0.008664015000000802,7,35000
337,0.02551489800000084,0.009193680999999287,7,35000
338,0.02599737699999949,0.008871292999998559,7,35000
339,0.025294300999998853,0.00836242000000098,7,35000
340,0.023706046000000924,0.007949924999998359,8,35000
341,0.02370383300000256,0.00854710799999836,8,35000
342,0.020161393999998722,0.008221963999996973,8,35000
343,0.021246424999997515,0.007678137999999279,8,35000
344,0.01817395900000207,0.007705575999999326,8,35000
345,0.017700409999999778,0.00785671099999874,9,35000
346,0.017727664999998893,0.007779413000001512,9,35000
347,0.0172368469999995,0.007771398999999235,9,35000
348,0.01734394100000003,0.007773636999999667,9,35000
349,0.017323784000002007,0.007760348000001471,9,35000
350,0.017021443000000858,0.007712601000001484,10,35000
351,0.020028654000000756,0.007900334999998648,10,35000
352,0.017685557000000074,0.007688994000002225,10,35000
353,0.015973467000002017,0.007667651999998526,10,35000
354,0.01730314799999988,0.007707760999998925,10,35000
355,0.016985190999999844,0.007789437999999649,11,35000
356,0.01791276100000161,0.007773209999999864,11,35000
357,0.017809415999998635,0.0077777539999992484,11,35000
358,0.0177455920000007,0.007785289999997502,11,35000
359,0.0179507490000006,0.007732332999999869,11,35000
360,0.017339717999998783,0.007709364000000107,12,35000
361,0.018226449000000144,0.007675341000002334,12,35000
362,0.017998369000000736,0.0076873999999982345,12,35000
363,0.01822048200000026,0.007677963999999093,12,35000
364,0.018026028000001304,0.00769130899999837,12,35000
365,0.01750642600000063,0.007772360999997119,13,35000
366,0.018477438000001456,0.007768315999999942,13,35000
367,0.01766564299999729,0.007767069999999876,13,35000
368,0.017835907999998568,0.007849174000000403,13,35000
369,0.01746894300000079,0.0077905220000005215,13,35000
370,0.016477916000003034,0.0077044819999976255,14,35000
371,0.01751877099999888,0.0077827030000001685,14,35000
372,0.01773462199999898,0.007722750999999306,14,35000
373,0.0181762980000002,0.007684979000000425,14,35000
374,0.017523734999997487,0.007700553000002941,14,35000
375,0.018900422000001527,0.007729742999998734,15,35000
376,0.01878755899999973,0.007715244999999982,15,35000
377,0.018092697000000157,0.007766905000000435,15,35000
378,0.017973689000001514,0.007741468999999057,15,35000
379,0.01666074699999953,0.008833301999999321,15,35000
380,0.018040734999999586,0.007688424000001248,16,35000
381,0.017941076999999694,0.00768525700000211,16,35000
382,0.01769355300000086,0.007705738000002071,16,35000
383,0.01796524599999927,0.007684146999999086,16,35000
384,0.017674088999999782,0.007700783999997185,16,35000
385,0.016034896000000742,0.006385368000000113,17,35000
386,0.016053315999997153,0.0070472569999999735,17,35000
387,0.016509655000000123,0.007751310999999816,17,35000
388,0.016443818000002608,0.007761469000001853,17,35000
389,0.016000283000000337,0.007481031999997612,17,35000
390,0.017195843999999738,0.007700653000000557,18,35000
391,0.018398133999998123,0.0076489469999998505,18,35000
392,0.021910936000001158,0.009219595999997665,18,35000
393,0.020853605000002773,0.010107918000002769,18,35000
394,0.018640943999997717,0.009411387000000104,18,35000
395,0.017343494999998654,0.007666239999998936,19,35000
396,0.020705176999999964,0.007881133999998013,19,35000
397,0.01724398500000035,0.007794665999998784,19,35000
398,0.020593623999999977,0.006407254999999168,19,35000
399,0.021588913999998738,0.006436638000000272,19,35000
400,0.029786386999997916,0.009529807999999917,0,40000
401,0.017094828000001172,0.008442528999999865,0,40000
402,0.02000129099999981,0.0071296529999997915,0,40000
403,0.022526039999998915,0.0071351759999984665,0,40000
404,0.026686204999997187,0.00896120199999828,0,40000
405,0.024486741000000478,0.010709540000000572,1,40000
406,0.02689661399999821,0.009783116000001257,1,40000
407,0.023070098999998123,0.009529032000003212,1,40000
408,0.019013247000000177,0.008652816999997981,1,40000
409,0.0192894680000002,0.009762786999999662,1,40000
410,0.017812998000000135,0.008369676000000936,2,40000
411,0.01689696599999735,0.00849458500000111,2,40000
412,0.01645854099999866,0.008470847000001669,2,40000
413,0.016230047000000525,0.008475556000000495,2,40000
414,0.016865883999997777,0.008496429999997446,2,40000
415,0.018362194000001608,0.008608603000002546,3,40000
416,0.016818127000000516,0.008642756000000418,3,40000
417,0.01690951999999868,0.008627846999999633,3,40000
418,0.016733508000001507,0.008312219000000454,3,40000
419,0.018948983999997893,0.008587917999999917,3,40000
420,0.01779772699999782,0.008401680999998717,4,40000
421,0.01826047599999825,0.00839883199999747,4,40000
422,0.019539248000000953,0.009238683000003078,4,40000
423,0.01840179200000236,0.008457126999999787,4,40000
424,0.01844685100000021,0.008403286000000065,4,40000
425,0.018179721999999288,0.008612623000001207,5,40000
426,0.016333178000000004,0.009747341000000631,5,40000
427,0.01611764300000118,0.009837068999999588,5,40000
428,0.017599306999997566,0.009324805000002101,5,40000
429,0.01696858200000051,0.008333904999997088,5,40000
430,0.02144087799999994,0.01824934500000097,6,40000
431,0.02068561499999788,0.011130189000002844,6,40000
432,0.021806389000001758,0.008806512000003153,6,40000
433,0.019040703000001713,0.011726826999996831,6,40000
434,0.017654954000001055,0.009155849999999077,6,40000
435,0.017953157999997416,0.008808131999998636,7,40000
436,0.019159793000000036,0.009346744999998435,7,40000
437,0.024847692999998117,0.009894889999998213,7,40000
438,0.022940291000001167,0.008269387000002126,7,40000
439,0.024681684000000814,0.010726924000000082,7,40000
440,0.023088308999998475,0.009341261999999517,8,40000
441,0.01751156599999959,0.008440871000001238,8,40000
442,0.024261172999999303,0.008803485000001388,8,40000
443,0.027300720999999584,0.009699602000001306,8,40000
444,0.024813738999998947,0.008254562000001187,8,40000
445,0.02259119200000015,0.007243087999999176,9,40000
446,0.027753026999999264,0.009530895000001038,9,40000
447,0.025714820000001026,0.010416782000000069,9,40000
448,0.016731288999999094,0.008741280000002405,9,40000
449,0.020231674999998006,0.008558634999999981,9,40000
450,0.022567239000000683,0.008885695000000027,10,40000
451,0.018723025999999976,0.008412630000002252,10,40000
452,0.02442702299999766,0.007857288000000295,10,40000
453,0.024692176999998594,0.008667997999999955,10,40000
454,0.01704458199999692,0.00825676799999897,10,40000
455,0.017560071999998428,0.008564546999998868,11,40000
456,0.02012362199999984,0.010965720000001511,11,40000
457,0.01752647400000029,0.008131345999998985,11,40000
458,0.02441597799999684,0.009776947999998953,11,40000
459,0.026424678000001478,0.01069339500000055,11,40000
460,0.020026385000001312,0.011677193000000585,12,40000
461,0.017161452999999938,0.00932921600000114,12,40000
462,0.020422712000002008,0.009417019000000693,12,40000
463,0.018800565000002933,0.008432962999997073,12,40000
464,0.021888204999999772,0.009244577999997006,12,40000
465,0.017868848999999187,0.008573735999998888,13,40000
466,0.02115066400000032,0.009779870000002688,13,40000
467,0.01594787400000186,0.008470495999997496,13,40000
468,0.01767581800000073,0.008554218000000446,13,40000
469,0.020927267000001137,0.008565431000000956,13,40000
470,0.020231596999998658,0.00845429299999978,14,40000
471,0.017563304999999474,0.009316461999997472,14,40000
472,0.018097829000002008,0.008448120999997144,14,40000
473,0.020830014999997815,0.008377673999998336,14,40000
474,0.02117079099999941,0.009496790000000033,14,40000
475,0.018441665000000995,0.009409672000000313,15,40000
476,0.017183930000001624,0.008203540000000231,15,40000
477,0.01866321800000037,0.008570563999999337,15,40000
478,0.021539613999998153,0.009762118000001152,15,40000
479,0.02405115199999841,0.008777448000000021,15,40000
480,0.0201120760000002,0.00964798200000061,16,40000
481,0.017183554999999018,0.008155452000000452,16,40000
482,0.021463648000001,0.008455477000001821,16,40000
483,0.021090733999997724,0.008462028000000288,16,40000
484,0.021190199000002963,0.0091796930000001,16,40000
485,0.017529867000000365,0.008609793999998061,17,40000
486,0.01776543800000141,0.00860871799999785,17,40000
487,0.021130566999996603,0.008601503000001287,17,40000
488,0.021584392999997704,0.009627939999997892,17,40000
489,0.018133459000001295,0.008600106999999468,17,40000
490,0.017854421999999204,0.008401088000002943,18,40000
491,0.020939290000001165,0.009680631000001938,18,40000
492,0.022182211000000507,0.007856343000000265,18,40000
493,0.018829812999999973,0.008420351999998132,18,40000
494,0.021242228000001973,0.009608377999999362,18,40000
495,0.020726363000001413,0.009497189000001072,19,40000
496,0.02116348300000226,0.008563730000002323,19,40000
497,0.021518006000000867,0.00959443300000018,19,40000
498,0.018109106000000708,0.008561548999999502,19,40000
499,0.021548242999998024,0.008582125000000218,19,40000
500,0.026292185999999163,0.008799300999999815,0,45000
501,0.022132481999999953,0.00945410199999941,0,45000
502,0.022287800999997387,0.00912395900000007,0,45000
503,0.018061589999998517,0.008425278000000702,0,45000
504,0.02031658599999986,0.0093338480000007,0,45000
505,0.020892058000001157,0.010045178999998683,1,45000
506,0.022624235999998632,0.009377148000002222,1,45000
507,0.020353097000000986,0.009984137000000004,1,45000
508,0.022624561000000654,0.01026865600000093,1,45000
509,0.019817824999996958,0.009411630999998977,1,45000
510,0.020762234999999407,0.010171449000001331,2,45000
511,0.022566305999998093,0.01060975800000108,2,45000
512,0.021078620000000825,0.009931174000001874,2,45000
513,0.022754997999999915,0.010182767999999953,2,45000
514,0.018526418000000433,0.009404653999997237,2,45000
515,0.021243178000002416,0.009052070999999273,3,45000
516,0.018640714000000003,0.009391339000000443,3,45000
517,0.022631808999999947,0.01045049700000078,3,45000
518,0.019687641999997396,0.00940328700000137,3,45000
519,0.02255986000000121,0.010482408000001442,3,45000
520,0.021324124999999583,0.009381270000002218,4,45000
521,0.023061507000001313,0.010151726000000139,4,45000
522,0.0225050799999984,0.010657665000000094,4,45000
523,0.01922513999999964,0.00936188500000057,4,45000
524,0.02061813599999951,0.00936452999999915,4,45000
525,0.021258798999998163,0.009919004000000342,5,45000
526,0.022273873999999694,0.010188816999999517,5,45000
527,0.02000774100000058,0.009426254000000966,5,45000
528,0.022547684999999262,0.010285701000000813,5,45000
529,0.018647684999997693,0.009514508999998839,5,45000
530,0.022044537999999392,0.010064852999999374,6,45000
531,0.022167011000000514,0.009372099000000134,6,45000
532,0.018256306000001388,0.009977998000000099,6,45000
533,0.020311616000000754,0.009681239999999036,6,45000
534,0.022648680999999726,0.00910225699999856,6,45000
535,0.018569745000000637,0.007960904000000824,7,45000
536,0.020701187999996762,0.009452034999998915,7,45000
537,0.019887977999999862,0.010304163999997229,7,45000
538,0.022275024999999005,0.009410850999998388,7,45000
539,0.02510493800000191,0.011668703999998087,7,45000
540,0.019242483999999394,0.009357543999996665,8,45000
541,0.020775702999998202,0.010646208000000712,8,45000
542,0.018184538999999944,0.010107965999999635,8,45000
543,0.02047272100000086,0.00936580799999831,8,45000
544,0.022933124999998,0.010335235999999526,8,45000
545,0.019357405999997468,0.00788840499999921,9,45000
546,0.021915142999997528,0.010157240999998152,9,45000
547,0.022634011999997483,0.010605178999998799,9,45000
548,0.020148096999999865,0.010008151000000964,9,45000
549,0.02273615200000023,0.01028033699999753,9,45000
550,0.021427932000001704,0.010622109999999907,10,45000
551,0.025254799000002492,0.009648914999999647,10,45000
552,0.023098711999999466,0.010183990999998116,10,45000
553,0.022648690000004024,0.010649297999997032,10,45000
554,0.021212478999999007,0.009927249000000415,10,45000
555,0.02033564099999552,0.009798979999999347,11,45000
556,0.019527164999999513,0.009421308000000295,11,45000
557,0.022265212000000645,0.009251712000001078,11,45000
558,0.01849797999999936,0.009501087999993274,11,45000
559,0.022310401000005697,0.010746941000000731,11,45000
560,0.01943133099999983,0.009368565999999134,12,45000
561,0.02265864099999959,0.010168346000000383,12,45000
562,0.020551973000003443,0.009353930000003174,12,45000
563,0.022848066999998196,0.010390669999999602,12,45000
564,0.02232823500000336,0.009360676999996542,12,45000
565,0.019640411000004576,0.009428122999999289,13,45000
566,0.020368937000000642,0.009460234999998818,13,45000
567,0.01955873300000377,0.010262969999999427,13,45000
568,0.018765782999999203,0.009437214000001859,13,45000
569,0.02246260100000086,0.009513253000001498,13,45000
570,0.02068584100000237,0.009344992000002605,14,45000
571,0.0221638860000013,0.009104018999998686,14,45000
572,0.019639415000000326,0.009355859999999439,14,45000
573,0.02257290700000425,0.010208296000001837,14,45000
574,0.018856390999999917,0.00939652399999602,14,45000
575,0.018735647999996274,0.009178855000001818,15,45000
576,0.01918602399999969,0.00945514300000383,15,45000
577,0.01844504899999322,0.00834390400000018,15,45000
578,0.018294118000000026,0.007893419999994933,15,45000
579,0.021060403999996424,0.01034023500000103,15,45000
580,0.021425415999999586,0.010581499999993582,16,45000
581,0.02505166699999961,0.009614712999997721,16,45000
582,0.0222425219999991,0.009095651999999177,16,45000
583,0.020181602000000964,0.009368065000003867,16,45000
584,0.022150938000002895,0.010121299000005024,16,45000
585,0.020988677000005396,0.010639830999998878,17,45000
586,0.024090553999997155,0.00986909200000241,17,45000
587,0.02272251300000505,0.010394838999999934,17,45000
588,0.02227878400000094,0.010646952999998405,17,45000
589,0.02044212500000242,0.010223697000000698,17,45000
590,0.018921304000002692,0.007986502000001394,18,45000
591,0.02153153600000479,0.010053200000001539,18,45000
592,0.02240824500000116,0.010542831999998725,18,45000
593,0.018715995000000873,0.009369743000000597,18,45000
594,0.020170610000000977,0.009388647999998057,18,45000
595,0.023105647999997814,0.009862232000003246,19,45000
596,0.02271522699999906,0.010353086999998595,19,45000
597,0.022821653999997693,0.01072949200000295,19,45000
598,0.01950068700000429,0.008471661999998048,19,45000
599,0.020022717000003354,0.009423314999999377,19,45000
600,0.028010557999998298,0.00919625999999596,0,50000
601,0.02214683999999778,0.010894053000001236,0,50000
602,0.019813008999996384,0.008595030999998698,0,50000
603,0.022376950000001727,0.011069356000000141,0,50000
604,0.022605782999995938,0.011544882999999118,0,50000
605,0.02304285999999678,0.010718905000004497,1,50000
606,0.022316013000001078,0.011639166999998452,1,50000
607,0.02311888700000253,0.010617709000001696,1,50000
608,0.023984276000000193,0.010979980000001888,1,50000
609,0.023081152999999688,0.010819166000004543,1,50000
610,0.02380717600000537,0.010875247999997839,2,50000
611,0.02412825999999768,0.011145274000000427,2,50000
612,0.023077845000003094,0.010291376999994384,2,50000
613,0.01988864400000523,0.009740446999998653,2,50000
614,0.022659296999997025,0.011213734999998337,2,50000
615,0.023201716999999178,0.011056989000003625,3,50000
616,0.023345142000003705,0.011025770999999907,3,50000
617,0.02118497900000449,0.010284251000001632,3,50000
618,0.024407791000001566,0.010843024000003254,3,50000
619,0.0236825150000044,0.011150786999998274,3,50000
620,0.022727636999995582,0.01039801299999965,4,50000
621,0.024187463000004072,0.010722080000000744,4,50000
622,0.02324805499999627,0.010553466000004619,4,50000
623,0.021750363999998967,0.011467537999998001,4,50000
624,0.02305662899999561,0.010566921999995316,4,50000
625,0.02310209000000185,0.011455863000001898,5,50000
626,0.023161825000002523,0.010411869000002127,5,50000
627,0.020081026999996254,0.01067437500000068,5,50000
628,0.021080216000001428,0.010243410000001063,5,50000
629,0.02442922399999503,0.010728801999995596,5,50000
630,0.022207469000001367,0.011594399999999894,6,50000
631,0.02505899199999817,0.010393797999995513,6,50000
632,0.021215226000002474,0.01039008799999408,6,50000
633,0.021017550000003382,0.01165415500000222,6,50000
634,0.019924963000001128,0.00967138000000034,6,50000
635,0.02249421700000198,0.010772157000005222,7,50000
636,0.023093471000002808,0.009791151000001719,7,50000
637,0.02136752399999864,0.010275581999998451,7,50000
638,0.02389130500000647,0.010798205000000394,7,50000
639,0.02440720599999935,0.011051752000000192,7,50000
640,0.02139901299999991,0.010475417000002096,8,50000
641,0.023839677999994535,0.010824659000000736,8,50000
642,0.023640666000005695,0.011192252000000735,8,50000
643,0.02310352899999657,0.011422596999999257,8,50000
644,0.022374322000004554,0.010453920999999866,8,50000
645,0.02020127300000496,0.009946401000000549,9,50000
646,0.02201448799999639,0.011045418999998446,9,50000
647,0.023790091000002178,0.010931441000003872,9,50000
648,0.022529808999998124,0.010333514999999238,9,50000
649,0.02411945599999399,0.010695709000003717,9,50000
650,0.022621536999999137,0.010132839000000615,10,50000
651,0.024658644000005836,0.010412950999999282,10,50000
652,0.02395766800000132,0.010774073999996858,10,50000
653,0.02409081399999735,0.010508129000001531,10,50000
654,0.022382476000004203,0.011506048000001101,10,50000
655,0.025685598999999115,0.013865727000002437,11,50000
656,0.021314226999997743,0.01030380899999983,11,50000
657,0.0237933999999953,0.010997331999995197,11,50000
658,0.023028154999998662,0.010077828000000011,11,50000
659,0.01974270099999842,0.009749199000005149,11,50000
660,0.021984644999996306,0.01057983500000148,12,50000
661,0.023359337999998786,0.010267902999999023,12,50000
662,0.021723823000002085,0.010180246000004445,12,50000
663,0.023964835000001017,0.010537763000002087,12,50000
664,0.02427838700000251,0.010795681999994144,12,50000
665,0.022399871000004623,0.011501743000003728,13,50000
666,0.025250497000001815,0.010467652000002658,13,50000
667,0.024677169000000276,0.010646489000002646,13,50000
668,0.023167331000003344,0.010398373999997546,13,50000
669,0.019991910999998197,0.008664187000000823,13,50000
670,0.02201072199999743,0.010181279000001098,14,50000
671,0.023491315000001123,0.010906319000000053,14,50000
672,0.02363701500000559,0.011138156000001231,14,50000
673,0.023390840000004687,0.011345536000000322,14,50000
674,0.02150807599999638,0.010601098999998726,14,50000
675,0.022434406000002127,0.010224368000002926,15,50000
676,0.024144384999999602,0.010525992000005147,15,50000
677,0.024019622999993828,0.010879209000002277,15,50000
678,0.02316429200000414,0.01072034299999558,15,50000
679,0.02178531699999553,0.011497300000002042,15,50000
680,0.022626168000002167,0.010843088999997974,16,50000
681,0.022898396999998738,0.010257944999999324,16,50000
682,0.0204726839999978,0.008686273000002132,16,50000
683,0.021906039000000987,0.010196147999998573,16,50000
684,0.02153505599999761,0.011087856000003171,16,50000
685,0.02324322300000148,0.01037190699999968,17,50000
686,0.02031213099999718,0.008601330000004737,17,50000
687,0.02215044300000102,0.010448132000000498,17,50000
688,0.024821251000005873,0.01068975799999805,17,50000
689,0.02335438299999737,0.010465594999999439,17,50000
690,0.02190190900000033,0.010887677999996015,18,50000
691,0.0230539570000019,0.010811025999998947,18,50000
692,0.020829545999994536,0.010186665999995625,18,50000
693,0.02387100699999678,0.010855481000000111,18,50000
694,0.023245604000003084,0.01076741400000003,18,50000
695,0.024051045000000215,0.010760210000000825,19,50000
696,0.023991539999997258,0.011084545000002777,19,50000
697,0.023402068999999415,0.011134900000001835,19,50000
698,0.021542344000003766,0.010488803000001212,19,50000
699,0.02410616000000232,0.010818077000003257,19,50000
700,0.03176899500000019,0.011202935000000025,0,55000
701,0.02510852500000027,0.011481056999997463,0,55000
702,0.024046540000000505,0.01196561599999768,0,55000
703,0.024639560999993648,0.01139818400000081,0,55000
704,0.022006690999994305,0.01001272199999903,0,55000
705,0.02436512899999599,0.011772374999999613,1,55000
706,0.024830557000001363,0.010379288999999403,1,55000
707,0.02357646400000135,0.010988961000002462,1,55000
708,0.024097191999999268,0.011069930000005002,1,55000
709,0.026413233999996066,0.011050945000000922,1,55000
710,0.023612126999999816,0.01150821099999888,2,55000
711,0.025545526999998458,0.011553566999999987,2,55000
712,0.025013959000006025,0.010986449000000675,2,55000
713,0.02494676799999951,0.01120648199999863,2,55000
714,0.024524284000001728,0.011584562999999548,2,55000
715,0.024252650999997627,0.01218970200000058,3,55000
716,0.02482869299999635,0.011541573999998889,3,55000
717,0.022955555999999433,0.011296027999996738,3,55000
718,0.02503968700000314,0.011440088000000515,3,55000
719,0.025458817000000522,0.011549721999998042,3,55000
720,0.023308653999997375,0.011724755999999559,4,55000
721,0.024973133000003145,0.010301398999999378,4,55000
722,0.023829967000004615,0.01182839599999852,4,55000
723,0.02398551000000282,0.010938611000000265,4,55000
724,0.022066929999994045,0.009230157000004624,4,55000
725,0.022349169000001723,0.009384490999998718,5,55000
726,0.02512339199999758,0.01112678900000219,5,55000
727,0.02585892199999762,0.011170951999993406,5,55000
728,0.023953984000002038,0.011513545000006786,5,55000
729,0.025030652000005205,0.010002010999997424,5,55000
730,0.028893369000002167,0.011630939999996315,6,55000
731,0.024862517999999056,0.009997071000000801,6,55000
732,0.023134334000005197,0.011442334000001608,6,55000
733,0.02344265700000392,0.012175840000004712,6,55000
734,0.024354334999998173,0.012369065000001456,6,55000
735,0.021914438000003145,0.01014662000000044,7,55000
736,0.02477024200000244,0.010390479000001562,7,55000
737,0.024233121000001745,0.011855836999998814,7,55000
738,0.024200524999997697,0.0222671049999974,7,55000
739,0.607004394999997,0.01241294999999809,7,55000
740,0.028494000999998548,0.011859209000000703,8,55000
741,0.028528039999997645,0.011291476000003797,8,55000
742,0.027775648000002207,0.011942251000000681,8,55000
743,0.029170248999996318,0.011525028000001214,8,55000
744,0.02972328300000271,0.011298232999997992,8,55000
745,0.029130990000005852,0.011333688999997094,9,55000
746,0.024288783999999453,0.009760217000000182,9,55000
747,0.02913699200000508,0.012063632999996798,9,55000
748,0.030347564000003047,0.01131245199999853,9,55000
749,0.027990166999998678,0.011493896999994035,9,55000
750,0.029602953000001264,0.011751261999997098,10,55000
751,0.02633580199999841,0.011814749000002678,10,55000
752,0.029127182999999945,0.012233277999996517,10,55000
753,0.027646848999999918,0.011964869000003375,10,55000
754,0.028802466000001914,0.010149292000001253,10,55000
755,0.02714467399999876,0.011283151000000657,11,55000
756,0.027485992000002568,0.012241355000000453,11,55000
757,0.02520917800000433,0.011088862000001143,11,55000
758,0.025824537999994845,0.011700056999998765,11,55000
759,0.026641752000003294,0.010993898000002389,11,55000
760,0.02369309899999905,0.009260001000001239,12,55000
761,0.026046452999999303,0.011909112000004995,12,55000
762,0.025516289999998776,0.01150572299999908,12,55000
763,0.026047341999998253,0.011089686999994797,12,55000
764,0.02615727399999912,0.01168480700000174,12,55000
765,0.028420869000001403,0.01262219299999856,13,55000
766,0.02655214500000369,0.01201132399999949,13,55000
767,0.030076535999995713,0.012431668999994372,13,55000
768,0.029206393999999136,0.01033222699999925,13,55000
769,0.027636295999997174,0.01150678399999805,13,55000
770,0.024972042000001693,0.009329568000005395,14,55000
771,0.02781684600000034,0.010943255000000818,14,55000
772,0.030461887000001298,0.011054276000002972,14,55000
773,0.027025834999996334,0.011634542000003023,14,55000
774,0.021246253999997577,0.010931397000000231,14,55000
775,0.020494784999996796,0.011058910000002697,15,55000
776,0.018712653999997997,0.00995399100000327,15,55000
777,0.019627449000005015,0.011014244999998368,15,55000
778,0.018333944999994856,0.010528899999997066,15,55000
779,0.017856881999996688,0.010024940000000981,15,55000
780,0.02025308700000039,0.010826383999997802,16,55000
781,0.018213258999999482,0.01101031900000038,16,55000
782,0.02000775200000504,0.010837313999999765,16,55000
783,0.02349956100000128,0.010991735999994035,16,55000
784,0.02130786499999715,0.010817846000001907,16,55000
785,0.021325298000000714,0.01045083799999702,17,55000
786,0.020528636999998184,0.010997199000001956,17,55000
787,0.02056313899999651,0.011807883999999547,17,55000
788,0.021361755000000926,0.010873033999999393,17,55000
789,0.020840189000004727,0.010965433000002633,17,55000
790,0.02228420499999828,0.011266800999997884,18,55000
791,0.021932745000000864,0.010352093999998147,18,55000
792,0.02042911899999922,0.010793294000002618,18,55000
793,0.021270617999995522,0.011681357000000503,18,55000
794,0.02301644499999611,0.01118126700000488,18,55000
795,0.021127030000002378,0.010896666999997251,19,55000
796,0.019609352000003355,0.010998927999999353,19,55000
797,0.021329504000000554,0.010673633999999765,19,55000
798,0.0199996779999978,0.011065868999999395,19,55000
799,0.021276262999997186,0.01097637900000592,19,55000
800,0.03320797399999975,0.011712421999995115,0,60000
801,0.021400272999997583,0.011813414000002354,0,60000
802,0.02235197799999611,0.011826402000004066,0,60000
803,0.022282390999997403,0.01104566600000112,0,60000
804,0.02095076499999493,0.011696193000005906,0,60000
805,0.02222607200000226,0.011263271000004238,1,60000
806,0.021295540999993534,0.011825586000000499,1,60000
807,0.020954089999996484,0.011164940999996986,1,60000
808,0.021836560000004113,0.011266990999999393,1,60000
809,0.021578653999995367,0.011859993999998153,1,60000
810,0.021807563000002972,0.011483325000000377,2,60000
811,0.02032760800000233,0.010018412999997395,2,60000
812,0.021965129999998112,0.011931402000001867,2,60000
813,0.02226274999999589,0.011538347000005444,2,60000
814,0.02153602599999971,0.015002444000003834,2,60000
815,0.023224307999996086,0.015907510999994656,3,60000
816,0.022545604999997693,0.012007955000001402,3,60000
817,0.022895060000003298,0.012279476000003342,3,60000
818,0.02258333200000351,0.011824156999999502,3,60000
819,0.022517698000001474,0.011210003000002189,3,60000
820,0.022105830000000992,0.012603978999997878,4,60000
821,0.0225480349999998,0.012513063999996632,4,60000
822,0.02223806199999956,0.011896615000004829,4,60000
823,0.022141851999997186,0.011589966000002505,4,60000
824,0.02161091000000681,0.011912627000000953,4,60000
825,0.02255589399999991,0.01134197900000089,5,60000
826,0.022205171999999607,0.011745964999995806,5,60000
827,0.023051721999998165,0.011721011999995312,5,60000
828,0.022649198999999953,0.01233711900000145,5,60000
829,0.0227863389999996,0.011804083000001242,5,60000
830,0.020469240999993588,0.009992998999997837,6,60000
831,0.02020227299999533,0.009965125000000796,6,60000
832,0.020241344000005768,0.01071923599999991,6,60000
833,0.021633422000000735,0.011877009999999188,6,60000
834,0.022928886999999065,0.011799378999995724,6,60000
835,0.020921869999995124,0.009874942999999803,7,60000
836,0.02196167200000332,0.012101582999996197,7,60000
837,0.0208742120000025,0.011602465000002837,7,60000
838,0.02151274700000272,0.011446043999995936,7,60000
839,0.021893532999996523,0.011769086999997569,7,60000
840,0.021433516999998403,0.01162310099999786,8,60000
841,0.021429322999999556,0.011676465999997276,8,60000
842,0.02121314800000107,0.011709778000003723,8,60000
843,0.021608029999995892,0.011528106000000093,8,60000
844,0.02044985399999888,0.010668518999999321,8,60000
845,0.021871269000001803,0.011705885000004912,9,60000
846,0.02029670299999964,0.01070150099999978,9,60000
847,0.021854440999995006,0.011231575000003602,9,60000
848,0.02016293100000155,0.009947443000001499,9,60000
849,0.02262144499999863,0.01089438600000392,9,60000
850,0.022609968999994123,0.012267768000000956,10,60000
851,0.021766929000001767,0.012587574999997742,10,60000
852,0.022254222999997353,0.011223596000000668,10,60000
853,0.021663171000000148,0.011868423999999322,10,60000
854,0.022162098999999102,0.012165402999997355,10,60000
855,0.021952283000004513,0.01157131400000111,11,60000
856,0.022044175000004884,0.011691315999996732,11,60000
857,0.022593504999996128,0.010623784999999941,11,60000
858,0.021732312000004583,0.011333886000002735,11,60000
859,0.021426049000005776,0.011688226000003965,11,60000
860,0.02145127500000399,0.011894881999999996,12,60000
861,0.02148074499999808,0.011871083999999144,12,60000
862,0.022231280999996272,0.011863918000003082,12,60000
863,0.022910209000002624,0.011927166999996075,12,60000
864,0.022633306999999547,0.011459926000000564,12,60000
865,0.02267147199999897,0.010977001000000541,13,60000
866,0.020601784999996653,0.01160098600000481,13,60000
867,0.02131412499999641,0.012052027999999382,13,60000
868,0.022481335000001934,0.010731747000001235,13,60000
869,0.02153505100000075,0.011389583000003256,13,60000
870,0.022458215000000337,0.012514578000001109,14,60000
871,0.022380374000000813,0.011826353000003564,14,60000
872,0.022227123000000404,0.011530794999998761,14,60000
873,0.02033688199999517,0.010062865000001864,14,60000
874,0.02017452999999847,0.01122147800000306,14,60000
875,0.022119285000002264,0.010981413000003215,15,60000
876,0.020727985000000615,0.011633263999996757,15,60000
877,0.02101226799999978,0.010091907999999705,15,60000
878,0.021761704999995857,0.011365474999998071,15,60000
879,0.021558749999996962,0.011663919000000078,15,60000
880,0.021938894999998126,0.01160649300000216,16,60000
881,0.02116783999999683,0.011861494999998001,16,60000
882,0.02021586300000422,0.01025546200000349,16,60000
883,0.022313076999999737,0.011963650000005543,16,60000
884,0.022393393000001538,0.01209994099999534,16,60000
885,0.021937291999996944,0.01152416300000425,17,60000
886,0.021000835999998912,0.01170007700000042,17,60000
887,0.02254295700000597,0.012335731000000294,17,60000
888,0.023681853999995894,0.011436359000001062,17,60000
889,0.020573310999999705,0.009865260000005094,17,60000
890,0.022058751999999515,0.011578010999997446,18,60000
891,0.02164900799999714,0.011866640999997458,18,60000
892,0.02132774700000084,0.01252237899999642,18,60000
893,0.022241000999997595,0.011164290000003518,18,60000
894,0.021764259999997648,0.011749302000005457,18,60000
895,0.022698834999999917,0.011698678000001905,19,60000
896,0.02304951299999658,0.01143224800000553,19,60000
897,0.02172329500000103,0.011687372000004359,19,60000
898,0.02295711699999714,0.011706674000002693,19,60000
899,0.022430296999999655,0.011699669000002189,19,60000
900,0.033092271999997536,0.011536399000000586,0,65000
901,0.022728656999994712,0.01193766099999749,0,65000
902,0.022801080000000695,0.012233037999997975,0,65000
903,0.02248794900000206,0.01253850200000528,0,65000
904,0.02221886299999909,0.012852141999999844,0,65000
905,0.024219260000002407,0.012643620999995164,1,65000
906,0.022891682000000912,0.013924703999997234,1,65000
907,0.023962212000000704,0.012026855000002001,1,65000
908,0.022655459999995742,0.012616719000000387,1,65000
909,0.024596997000003284,0.012405950999998083,1,65000
910,0.02276481500000216,0.011935190000002649,2,65000
911,0.022363341999998454,0.012323623999996869,2,65000
912,0.022225816999998926,0.012565982999994674,2,65000
913,0.022444950000000574,0.012974360999997714,2,65000
914,0.023494286000001807,0.012553420000003257,2,65000
915,0.023547669999999243,0.011637591999999586,3,65000
916,0.022567758000000993,0.011901066000000071,3,65000
917,0.021840095999998255,0.012362256999999488,3,65000
918,0.021613049000002604,0.012498607999994249,3,65000
919,0.022716979999998443,0.013018177999995828,3,65000
920,0.023321090999999683,0.011849580999999887,4,65000
921,0.022450307999996255,0.011969478000004585,4,65000
922,0.02214565299999549,0.012364691999998456,4,65000
923,0.02160351900000279,0.012456715999995538,4,65000
924,0.023312017000002072,0.012468847999997479,4,65000
925,0.02832276899999897,0.012979709999996203,5,65000
926,0.023862473000001216,0.012603686999995034,5,65000
927,0.025319280999994476,0.012428827000000808,5,65000
928,0.02486073400000066,0.012396142000000054,5,65000
929,0.022381305999999768,0.011457264000000578,5,65000
930,0.024160492999996563,0.012676517999999248,6,65000
931,0.023883228999999062,0.012157819000002235,6,65000
932,0.022395850000002326,0.011693145999998933,6,65000
933,0.023347799999996255,0.011784253000001854,6,65000
934,0.02291200199999821,0.012157225999999355,6,65000
935,0.02440138600000097,0.012759252000002164,7,65000
936,0.023377740000000813,0.012541761000001372,7,65000
937,0.023957841000004976,0.012546295000007035,7,65000
938,0.02521553399999732,0.012855446999999742,7,65000
939,0.02386613800000248,0.012809329999996066,7,65000
940,0.02384545399999638,0.012541112999997495,8,65000
941,0.02363497600000386,0.012526014000002306,8,65000
942,0.02382839700000261,0.012536992999997665,8,65000
943,0.023725253999998586,0.012556861000000197,8,65000
944,0.0351696660000016,0.013006406000002357,8,65000
945,0.02290624800000529,0.012167952000005755,9,65000
946,0.022043187999997826,0.012491503999996212,9,65000
947,0.022660216999994987,0.012568094000002361,9,65000
948,0.033137105999998084,0.013228206000000853,9,65000
949,0.03471018099999412,0.012745604999999216,9,65000
950,0.03423185599999812,0.013286780999997916,10,65000
951,0.034511698000002866,0.0131893209999987,10,65000
952,0.03490279199999691,0.01334920799999395,10,65000
953,0.03456334499999514,0.012887675999998294,10,65000
954,0.03377969600000341,0.013720012999996811,10,65000
955,0.03461491400000227,0.013214350999994906,11,65000
956,0.03480004200000053,0.012556961000001365,11,65000
957,0.03395640699999802,0.012678684999997358,11,65000
958,0.032544039999997665,0.013115999000000045,11,65000
959,0.03453392599999461,0.012342281999998761,11,65000
960,0.03385646300000644,0.014106745999995951,12,65000
961,0.034257056999997815,0.013034639000004233,12,65000
962,0.03476022599999595,0.013191620999997156,12,65000
963,0.03368273000000244,0.01294651999999985,12,65000
964,0.03030242199999833,0.013047086999996793,12,65000
965,0.031172318000002974,0.012590003999996213,13,65000
966,0.03578378800000337,0.014146143999994365,13,65000
967,0.033191659000003426,0.013053679999998735,13,65000
968,0.034898282999996866,0.01237120600000452,13,65000
969,0.03079141100000271,0.013694684999997264,13,65000
970,0.03341191999999893,0.012582551000001274,14,65000
971,0.03356720400000057,0.013537538999997878,14,65000
972,0.03282334799999376,0.013016581999998778,14,65000
973,0.035176834999994355,0.013383732000001203,14,65000
974,0.03491513599999507,0.012539902000000325,14,65000
975,0.029931396999998583,0.01318556700000073,15,65000
976,0.02378453400000069,0.012572671999997453,15,65000
977,0.0238906909999983,0.012605612000001543,15,65000
978,0.02381668799999659,0.01148252600000177,15,65000
979,0.02274157700000501,0.011855918000001964,15,65000
980,0.02270081900000065,0.012375706000000264,16,65000
981,0.02180370399999987,0.012638082999998801,16,65000
982,0.022812951999995335,0.013011351000002946,16,65000
983,0.02328955100000485,0.013049425999994924,16,65000
984,0.022969572000000937,0.013102457000002232,16,65000
985,0.02278744099999841,0.011770287999993911,17,65000
986,0.02157435000000163,0.012247403000003487,17,65000
987,0.021868703999999184,0.01254150099999407,17,65000
988,0.023395151999999086,0.012755274999996402,17,65000
989,0.023984927000000766,0.01253956599999384,17,65000
990,0.023110037000002137,0.011560693999996374,18,65000
991,0.02227496399999751,0.012016125999998906,18,65000
992,0.022434480999997675,0.012336355999998716,18,65000
993,0.02197573699999822,0.01266770699999853,18,65000
994,0.023524064999996597,0.01283126700000281,18,65000
995,0.023734979000003875,0.012589106000000072,19,65000
996,0.024257360999996536,0.012510581000000798,19,65000
997,0.023537111999999638,0.011522579000001087,19,65000
998,0.02234567900000428,0.011925701999999205,19,65000
999,0.022464360000000738,0.012279167999999174,19,65000
1000,0.037481284000001835,0.012400441000004037,0,70000
1001,0.025802057999996464,0.013902352999998868,0,70000
1002,0.025374661999997272,0.013631177000000605,0,70000
1003,0.023863478999999188,0.01342839099999793,0,70000
1004,0.02473283700000195,0.014356050000003506,0,70000
1005,0.023977612999999565,0.012761658999998815,1,70000
1006,0.02374693499999836,0.01278837899999985,1,70000
1007,0.024960580999994875,0.013498916999999722,1,70000
1008,0.025366075000000876,0.014220258999998237,1,70000
1009,0.02670626799999809,0.013781102000002932,1,70000
1010,0.026291884999999127,0.014099061999999662,2,70000
1011,0.024549413999999103,0.012748137999999187,2,70000
1012,0.024025954999999044,0.01274214199999335,2,70000
1013,0.02350228300000623,0.012807561000002465,2,70000
1014,0.023764833000001317,0.012882148999999288,2,70000
1015,0.024276069000002565,0.012816219999997713,3,70000
1016,0.023518749999993815,0.012988958999997635,3,70000
1017,0.02428261500000417,0.012728508999998667,3,70000
1018,0.024029783999999665,0.012704352999996615,3,70000
1019,0.022014177999999163,0.011587718999997776,3,70000
1020,0.022148672999996677,0.011356425000002446,4,70000
1021,0.025350896999995598,0.014166129999999555,4,70000
1022,0.02401121499999448,0.01279680900000102,4,70000
1023,0.024006527000004496,0.012780233999997392,4,70000
1024,0.024218961999999067,0.012752942999995298,4,70000
1025,0.023962025999999526,0.012910732999998231,5,70000
1026,0.023823853000003226,0.012857678000003148,5,70000
1027,0.024293804000002694,0.01280929900000416,5,70000
1028,0.02326549099999653,0.013945262000000014,5,70000
1029,0.02200887699999754,0.011492834999998536,5,70000
1030,0.02384577099999774,0.013237504999999317,6,70000
1031,0.023074304000004986,0.013345010999998408,6,70000
1032,0.0236967880000023,0.01333320700000229,6,70000
1033,0.02325101899999993,0.013314424999997243,6,70000
1034,0.02187383100000062,0.011570771000002367,6,70000
1035,0.026087646000000575,0.013092524999997579,7,70000
1036,0.02350715200000053,0.013257027000001642,7,70000
1037,0.02448482500000182,0.014098949000000971,7,70000
1038,0.0237482490000005,0.012836122999999589,7,70000
1039,0.02191059200000467,0.01147473000000332,7,70000
1040,0.025531165000003853,0.013099574000001724,8,70000
1041,0.02268125799999865,0.013280633000000819,8,70000
1042,0.02570376199999913,0.014049446999997883,8,70000
1043,0.024033256000002723,0.01272590900000381,8,70000
1044,0.024651951999999255,0.013631677999995873,8,70000
1045,0.024760052999994286,0.012699343999997836,9,70000
1046,0.023969895999996993,0.012589413000000604,9,70000
1047,0.02207398200000199,0.011537227000005146,9,70000
1048,0.02434215200000267,0.01307850999999971,9,70000
1049,0.02519643899999835,0.013742080999996631,9,70000
1050,0.02368790999999959,0.013378013000000522,10,70000
1051,0.024471280000000206,0.01339234199999595,10,70000
1052,0.0250823270000069,0.013393207999996548,10,70000
1053,0.026614689999995278,0.013672825000000444,10,70000
1054,0.025854422999998405,0.014312745999994547,10,70000
1055,0.023467903000003787,0.012863557999999387,11,70000
1056,0.023224396000003367,0.01297442599999954,11,70000
1057,0.022003601000001538,0.011394195999997692,11,70000
1058,0.026513835000002928,0.014210795000003884,11,70000
1059,0.023988416999998208,0.012876334000004874,11,70000
1060,0.02425272600000028,0.0127086429999963,12,70000
1061,0.02377249500000289,0.012757842999995717,12,70000
1062,0.02351453500000389,0.012821224999996161,12,70000
1063,0.024210257000000013,0.012807104000003733,12,70000
1064,0.022027644999994322,0.011308909000000256,12,70000
1065,0.02448269699999628,0.013362343000004273,13,70000
1066,0.023676895999997782,0.013290557999994235,13,70000
1067,0.022926605000002098,0.013448136000000943,13,70000
1068,0.022325120000004972,0.013576980999999932,13,70000
1069,0.021962992000005954,0.01155322099999978,13,70000
1070,0.0250293329999991,0.01364311300000054,14,70000
1071,0.025971722000001307,0.014245797999997478,14,70000
1072,0.022159436000002586,0.01137460300000015,14,70000
1073,0.02321764199999876,0.013665791000001093,14,70000
1074,0.02509941400000315,0.013297004999998308,14,70000
1075,0.023210627000004536,0.013490099999998506,15,70000
1076,0.022054296000000306,0.011558979000000136,15,70000
1077,0.026520386000001395,0.013412346999999158,15,70000
1078,0.023286570999999867,0.013450048999999353,15,70000
1079,0.02342670499999855,0.013362555000000498,15,70000
1080,0.024456793000005916,0.012758368000000075,16,70000
1081,0.023846630000001312,0.012879988000001674,16,70000
1082,0.023712490999997726,0.012814324000004262,16,70000
1083,0.024351572000000488,0.013701175999997872,16,70000
1084,0.024704272999997556,0.014347326999995857,16,70000
1085,0.025400561000004984,0.01375855500000256,17,70000
1086,0.026745212000001573,0.01344544999999897,17,70000
1087,0.026051723999998444,0.013606176000003245,17,70000
1088,0.022046977999998774,0.011407901000005438,17,70000
1089,0.023502839999999026,0.013205362999997305,17,70000
1090,0.025023597999997094,0.013954726000001472,18,70000
1091,0.023762206000000674,0.012835042999995494,18,70000
1092,0.025827624999998022,0.014337455999999804,18,70000
1093,0.026548013999999398,0.012575724999997817,18,70000
1094,0.02538034999999894,0.013803204000005564,18,70000
1095,0.02587667300000618,0.014221789000004037,19,70000
1096,0.02384884899999662,0.012875034000003893,19,70000
1097,0.023557621000001916,0.012993448999999657,19,70000
1098,0.0230948999999967,0.013030811000000142,19,70000
1099,0.02336909899999995,0.013044638000003772,19,70000
1100,0.041704383000002565,0.013589225000004035,0,75000
1101,0.025373196000003873,0.013832583999999315,0,75000
1102,0.02604233499999964,0.014619497999994735,0,75000
1103,0.026706599999997138,0.01374968199999671,0,75000
1104,0.025662050000001102,0.013380208999997478,0,75000
1105,0.029342447999994192,0.015168635000001984,1,75000
1106,0.025093669000000318,0.01343778100000037,1,75000
1107,0.026247944999994388,0.015048127000000022,1,75000
1108,0.02812954299999859,0.013931793000004689,1,75000
1109,0.025426769999995713,0.013514398999994626,1,75000
1110,0.02554549499999581,0.014177870999994013,2,75000
1111,0.02703266000000326,0.015043648000002463,2,75000
1112,0.02584390999999897,0.01396066400000251,2,75000
1113,0.02703672799999879,0.014640208999999516,2,75000
1114,0.028027343999994514,0.013841225000000179,2,75000
1115,0.024414845999999102,0.013407635999996614,3,75000
1116,0.027778285000003677,0.014068111999996802,3,75000
1117,0.025037741000005553,0.01475951900000183,3,75000
1118,0.02625715199999945,0.014991843000004224,3,75000
1119,0.02749823799999973,0.014167886999999268,3,75000
1120,0.02780698800000181,0.014822692999999276,4,75000
1121,0.02689859600000233,0.015036041000001887,4,75000
1122,0.025970215999997492,0.01403773100000194,4,75000
1123,0.026933355000004155,0.014815049000006297,4,75000
1124,0.029080876999998395,0.013630906000003051,4,75000
1125,0.02854018899999744,0.015081936999997936,5,75000
1126,0.026329465000003438,0.015081184000003134,5,75000
1127,0.026798578000004625,0.012943380999999476,5,75000
1128,0.026929330999998058,0.01387840299999965,5,75000
1129,0.025612700000003485,0.013471834999997157,5,75000
1130,0.026600182999999333,0.01457267900000403,6,75000
1131,0.024847186000002353,0.013952258999999856,6,75000
1132,0.02495234199999885,0.014602950000004,6,75000
1133,0.025079707999999812,0.01434669900000074,6,75000
1134,0.025930066000000807,0.014247131999994167,6,75000
1135,0.026889265000001217,0.014900888000006773,7,75000
1136,0.030142402000002733,0.014818787000002942,7,75000
1137,0.02712167699999668,0.014854302000003372,7,75000
1138,0.027270219000001816,0.01420857200000114,7,75000
1139,0.027114785999998503,0.014365533000002983,7,75000
1140,0.026463192999997887,0.014397522999999524,8,75000
1141,0.028130593000000204,0.014303230000002998,8,75000
1142,0.02600766799999832,0.014963186999999323,8,75000
1143,0.027085497999998154,0.015243329000000472,8,75000
1144,0.02539522000000005,0.01342902400000412,8,75000
1145,0.0263362760000021,0.014324357999996096,9,75000
1146,0.02452431500000074,0.014949278999999649,9,75000
1147,0.026846032999998215,0.015025295000000938,9,75000
1148,0.026730511000003787,0.014169144999996774,9,75000
1149,0.025590297000000817,0.014118242000002112,9,75000
1150,0.026758024000002933,0.014622041999999169,10,75000
1151,0.02657802199999537,0.013764076000001069,10,75000
1152,0.024398102999995785,0.013555547999999362,10,75000
1153,0.025845723999999848,0.015151554999995653,10,75000
1154,0.02644551499999892,0.012943092999996963,10,75000
1155,0.026769151999999963,0.015236797000000024,11,75000
1156,0.02773995599999779,0.014406559999997626,11,75000
1157,0.025372494999999162,0.014912787000000094,11,75000
1158,0.0246688000000006,0.013389395000004356,11,75000
1159,0.025092655999998215,0.013879790000004277,11,75000
1160,0.025494366000003765,0.014088613999994948,12,75000
1161,0.02516519699999975,0.014721425000004729,12,75000
1162,0.02630559899999696,0.015121580999995388,12,75000
1163,0.027512575999999456,0.015609947000001512,12,75000
1164,0.025254611000001148,0.014379187000002958,12,75000
1165,0.028724474999997085,0.01432906899999864,13,75000
1166,0.02558446799999814,0.014944643999996288,13,75000
1167,0.028875767000002384,0.014117881000004218,13,75000
1168,0.025803207999999245,0.014149273000001017,13,75000
1169,0.027372055000000728,0.014753521999999464,13,75000
1170,0.02614307800000404,0.014147143000002416,14,75000
1171,0.02573963599999729,0.01300229900000005,14,75000
1172,0.027754236000006927,0.014273422000002256,14,75000
1173,0.025432678999997904,0.01485501500000197,14,75000
1174,0.024913184999995508,0.014039433000000656,14,75000
1175,0.028262875000002907,0.014678633000002606,15,75000
1176,0.026360009000001128,0.014936616999996488,15,75000
1177,0.028622557999995024,0.015046331999997165,15,75000
1178,0.02561543600000249,0.01418331300000375,15,75000
1179,0.027815140999997823,0.01467499700000019,15,75000
1180,0.025885795000000655,0.014064324999999656,16,75000
1181,0.02793956200000025,0.014641085000000942,16,75000
1182,0.027702552000000935,0.013808527999998432,16,75000
1183,0.02707942299999644,0.01500882099999501,16,75000
1184,0.025407260999998016,0.014589637000000266,16,75000
1185,0.025523247999998944,0.013160194999997543,17,75000
1186,0.02655363699999924,0.014771928999998352,17,75000
1187,0.028853247999997222,0.014660624000001121,17,75000
1188,0.026346820999997078,0.014962333999996247,17,75000
1189,0.028804632000003494,0.015071976000001541,17,75000
1190,0.024428181000004656,0.015015984000001481,18,75000
1191,0.026618202999998175,0.014568713999999261,18,75000
1192,0.02573358400000103,0.014479110999999989,18,75000
1193,0.026120216000002472,0.01298828000000185,18,75000
1194,0.0272726209999945,0.014601122999998495,18,75000
1195,0.027968104000002825,0.014851582000005692,19,75000
1196,0.02642068299999778,0.014104219000003582,19,75000
1197,0.024246699999999066,0.0137673729999932,19,75000
1198,0.025396370999999363,0.014373941999998863,19,75000
1199,0.026896535999995308,0.014863375999993877,19,75000
1200,0.0421972970000013,0.015250367999996683,0,80000
1201,0.02890310499999771,0.015303553999999053,0,80000
1202,0.024189692000000207,0.01340621700000355,0,80000
1203,0.027309709000000737,0.016107013999999253,0,80000
1204,0.029850371999998515,0.014981210999998495,0,80000
1205,0.027875274999999533,0.015213770000002569,1,80000
1206,0.027748234000000593,0.015466743999994037,1,80000
1207,0.024323496000000944,0.012914175999995336,1,80000
1208,0.02854769300000015,0.014997511000004238,1,80000
1209,0.027267390000005776,0.015453770000000588,1,80000
1210,0.025103773999994416,0.012926950000000659,2,80000
1211,0.02903901399999853,0.015706446999999457,2,80000
1212,0.026270719999999415,0.013819318999999552,2,80000
1213,0.030570840999999405,0.0157061820000024,2,80000
1214,0.027839798999998777,0.015726481000001513,2,80000
1215,0.028786590999999362,0.015271662000003516,3,80000
1216,0.026812266999996837,0.015031438000001174,3,80000
1217,0.028461546000002613,0.015347823000006144,3,80000
1218,0.02435075900000072,0.012948222999995096,3,80000
1219,0.025865474999996252,0.014582159999996236,3,80000
1220,0.029812540000001775,0.015987315000003832,4,80000
1221,0.030406631999994715,0.015520670999997321,4,80000
1222,0.024143350000002783,0.012978985000003718,4,80000
1223,0.028765096000000767,0.015507802000001902,4,80000
1224,0.02433025599999894,0.013181531000000746,4,80000
1225,0.024856074999995315,0.012935906999999247,5,80000
1226,0.030583362000001557,0.014612823000000219,5,80000
1227,0.030002998999997033,0.015794165000002636,5,80000
1228,0.02413008100000269,0.012973481999999592,5,80000
1229,0.028336836000001142,0.015621434999999906,5,80000
1230,0.02985159800000048,0.014692042999996602,6,80000
1231,0.027578170000005287,0.01588220800000073,6,80000
1232,0.02774160099999534,0.014818919000006758,6,80000
1233,0.024167220999999017,0.012964532999987455,6,80000
1234,0.025675312999993594,0.014121858999999404,6,80000
1235,0.028717453999988152,0.01479333400000371,7,80000
1236,0.02788324499999817,0.01490979700000139,7,80000
1237,0.029002706999989414,0.015985130999993657,7,80000
1238,0.030188784000003466,0.014747908999993342,7,80000
1239,0.02811010700000338,0.015682545999993636,7,80000
1240,0.031914571999990926,0.014872270999987336,8,80000
1241,0.030647080000008486,0.015478083000004972,8,80000
1242,0.029421600000006265,0.014794240000000514,8,80000
1243,0.02977163999999277,0.01586833399998966,8,80000
1244,0.027459141999997883,0.014430468000000474,8,80000
1245,0.02810856899999692,0.013763775000001033,9,80000
1246,0.02961347000000103,0.014884209000001647,9,80000
1247,0.02768851700000141,0.013815495000002898,9,80000
1248,0.029290464000013117,0.016005542000002038,9,80000
1249,0.02730508799999143,0.013804238000005853,9,80000
1250,0.028288922999990973,0.015777205000006234,10,80000
1251,0.029632784000000356,0.015169669000002273,10,80000
1252,0.026801324000004456,0.014074635000000058,10,80000
1253,0.024187995999994882,0.013204943000005187,10,80000
1254,0.02778996300000358,0.014861026000005495,10,80000
1255,0.029935508000008326,0.014771671999994851,11,80000
1256,0.02982640500000855,0.01587007800000606,11,80000
1257,0.02804177400000185,0.01572071600000413,11,80000
1258,0.033890034999998875,0.015682069999996884,11,80000
1259,0.024586260000006632,0.01313248499999986,11,80000
1260,0.027671198999996705,0.015153084000004924,12,80000
1261,0.027443653999995377,0.014982797999991249,12,80000
1262,0.028425837000000342,0.015228230000005283,12,80000
1263,0.02642654900000707,0.014342802000001598,12,80000
1264,0.028191175000003454,0.01553232300000218,12,80000
1265,0.029840409000001955,0.014816429999996217,13,80000
1266,0.026181221000001642,0.015057544999990569,13,80000
1267,0.028025588999994966,0.01728629599999465,13,80000
1268,0.042113016000001835,0.017395870000001423,13,80000
1269,0.028261371999988683,0.014181176999997547,13,80000
1270,0.02696795600000712,0.0149185679999988,14,80000
1271,0.027736380000007443,0.015349904000004244,14,80000
1272,0.028545332000007306,0.014951847999995493,14,80000
1273,0.029729195000001596,0.014844213000003492,14,80000
1274,0.027313172999996027,0.014778930999995055,14,80000
1275,0.024778066999999737,0.013189502999992442,15,80000
1276,0.02843487300000902,0.015734700999999518,15,80000
1277,0.027980489999990255,0.015474968000006584,15,80000
1278,0.02894833000000574,0.015552139000007514,15,80000
1279,0.028272206000011124,0.015070126000011896,15,80000
1280,0.02811281699999313,0.01588409000000013,16,80000
1281,0.027938527999992857,0.016776162999988742,16,80000
1282,0.03050057400000128,0.015114592999992738,16,80000
1283,0.029916735999989896,0.015808546000002366,16,80000
1284,0.027080376000000683,0.014713467000007086,16,80000
1285,0.02904482900000005,0.01558135300000174,17,80000
1286,0.028729076999994163,0.015606202000000735,17,80000
1287,0.028508000999991623,0.015156944000011663,17,80000
1288,0.02743632399999285,0.015570863999997187,17,80000
1289,0.026883613999999056,0.014582883000002766,17,80000
1290,0.030179890000013643,0.015889543000000117,18,80000
1291,0.02960052000000246,0.01550055299999542,18,80000
1292,0.026065697999996473,0.015785382999993658,18,80000
1293,0.02850331899999503,0.01482131099999151,18,80000
1294,0.02706071900000495,0.013737435000010123,18,80000
1295,0.02873229700000479,0.015784757999995236,19,80000
1296,0.02610036699999796,0.01475803200000314,19,80000
1297,0.028799570999993307,0.01588899899999774,19,80000
1298,0.026006514999991737,0.014964438999996332,19,80000
1299,0.0261313560000076,0.015111455999999635,19,80000
1300,0.048042483000003244,0.021043899000005695,0,85000
1301,0.040412790999994286,0.02097741200000769,0,85000
1302,0.0403849460000032,0.020551025000003165,0,85000
1303,0.03666946299999552,0.020233928999999762,0,85000
1304,0.0403623890000091,0.020035977000006255,0,85000
1305,0.03935443800000371,0.021087696999998684,1,85000
1306,0.03850721099999532,0.020833392000000117,1,85000
1307,0.034917054000004555,0.019991485999995007,1,85000
1308,0.03996420500000397,0.02076683199999252,1,85000
1309,0.04038906300000633,0.02043043500000863,1,85000
1310,0.040614493000006746,0.018629342000011206,2,85000
1311,0.03126233300000081,0.01535857100000726,2,85000
1312,0.029691803000005734,0.014328113000004805,2,85000
1313,0.03023997100000031,0.015118354999998473,2,85000
1314,0.029576554999991345,0.01576869099999101,2,85000
1315,0.031849331000003644,0.016877906000004828,3,85000
1316,0.03103451299999449,0.016831355000007875,3,85000
1317,0.03006888000000174,0.015157434000002468,3,85000
1318,0.03140284199999144,0.016706029000005174,3,85000
1319,0.03161364999999705,0.015737951999994948,3,85000
1320,0.026682555000007824,0.014496070999996391,4,85000
1321,0.029720762000010836,0.015503039999998691,4,85000
1322,0.028743879999993283,0.014409258000000591,4,85000
1323,0.02911562399999923,0.016468125000002942,4,85000
1324,0.02908217899999954,0.016237977000002957,4,85000
1325,0.0332653670000127,0.016648500000002286,5,85000
1326,0.0279138789999962,0.01594288799999788,5,85000
1327,0.03152455099998974,0.016523266999996622,5,85000
1328,0.030478199999990352,0.015854476999990652,5,85000
1329,0.029845182000002524,0.016450441999992904,5,85000
1330,0.030591040000004455,0.015811057999997047,6,85000
1331,0.02963581200000931,0.015543913000001908,6,85000
1332,0.029835864999995465,0.016439421000001175,6,85000
1333,0.02902874200000838,0.01565766999999596,6,85000
1334,0.02982473999999513,0.016594308999998475,6,85000
1335,0.029897484000002805,0.014668436999997425,7,85000
1336,0.031079350999988264,0.015447760000000699,7,85000
1337,0.02760909799999922,0.0151126850000054,7,85000
1338,0.03096819499999981,0.016480619999995838,7,85000
1339,0.034099136999998336,0.016322160000001418,7,85000
1340,0.031249333999994633,0.01534028400000409,8,85000
1341,0.0301933939999941,0.015208542999999963,8,85000
1342,0.029423399999998878,0.016265932999999677,8,85000
1343,0.0285179979999981,0.016790344000000346,8,85000
1344,0.031488686000002986,0.014899553000006449,8,85000
1345,0.02778579900000011,0.016250438000000145,9,85000
1346,0.033614608000007706,0.016240709999991054,9,85000
1347,0.028162354000002665,0.01488309600000548,9,85000
1348,0.030978740000008997,0.015386699999993425,9,85000
1349,0.028856836999992197,0.016376625000006584,9,85000
1350,0.033035722999997574,0.01515036700000394,10,85000
1351,0.031190104999993196,0.015081702999992785,10,85000
1352,0.03016260900000134,0.0157266889999903,10,85000
1353,0.029655265000002373,0.015027345999996555,10,85000
1354,0.029434952000002568,0.01622719899999936,10,85000
1355,0.03190316600000642,0.015589557999987846,11,85000
1356,0.029090648999996915,0.016465531000008582,11,85000
1357,0.030188076999991154,0.01565456000000154,11,85000
1358,0.0369510780000013,0.01435037199999556,11,85000
1359,0.030478051000002893,0.015854527000001895,11,85000
1360,0.02891427699999838,0.014242309000010778,12,85000
1361,0.030078338000009808,0.014464517000007504,12,85000
1362,0.028796067000001813,0.015485402999999565,12,85000
1363,0.027537733999992042,0.016526753999997368,12,85000
1364,0.02854133499999989,0.016165735999990716,12,85000
1365,0.030064260000003173,0.016047920000005433,13,85000
1366,0.029609295000000202,0.015219166999997924,13,85000
1367,0.030971759999999904,0.01490163900000141,13,85000
1368,0.03103487999999288,0.015675924999996482,13,85000
1369,0.030424170000003414,0.01629288300000553,13,85000
1370,0.03140831300000002,0.016570012999991945,14,85000
1371,0.031077620999994338,0.015037171000003013,14,85000
1372,0.030928400999997052,0.015442741000001092,14,85000
1373,0.029193763999998623,0.016304962999996064,14,85000
1374,0.030914827000003697,0.016585337999998728,14,85000
1375,0.029934281000009832,0.015328113999999005,15,85000
1376,0.029118268000004832,0.01609792500001106,15,85000
1377,0.031447478000004025,0.016387355999995634,15,85000
1378,0.029082105000000524,0.015700546000005033,15,85000
1379,0.02956914499999641,0.01554744899999605,15,85000
1380,0.031413052999994306,0.016225873999999862,16,85000
1381,0.03142876799999783,0.015145820000000754,16,85000
1382,0.03274142499999755,0.015621163000005822,16,85000
1383,0.031915562999998315,0.017030040999998164,16,85000
1384,0.03064007099999344,0.015279614999997193,16,85000
1385,0.03127602300000376,0.014780002999998487,17,85000
1386,0.03137728399998707,0.015345719999999119,17,85000
1387,0.030699896999990983,0.015022552999994332,17,85000
1388,0.030081037999991622,0.016042366000007746,17,85000
1389,0.029076191000001472,0.016536311000010073,17,85000
1390,0.02848162400000831,0.0162798790000096,18,85000
1391,0.028769295999993005,0.01617010300000743,18,85000
1392,0.028976553999996213,0.015345461999999088,18,85000
1393,0.030733706999996002,0.015014786999998364,18,85000
1394,0.029237331000004474,0.014569606000009117,18,85000
1395,0.030652699000000894,0.015746313000008172,19,85000
1396,0.030808688999997003,0.015318396000012058,19,85000
1397,0.028688274000003844,0.014943102000003705,19,85000
1398,0.02841524900000536,0.016169107000010285,19,85000
1399,0.029733018999991145,0.015851800000007188,19,85000
1400,0.047665840999997044,0.01778269399999033,0,90000
1401,0.03395043199999748,0.01746601299998929,0,90000
1402,0.03023888600000646,0.01581685200000038,0,90000
1403,0.03117984299998966,0.01671948300000281,0,90000
1404,0.03273299399999985,0.016658453000005125,0,90000
1405,0.034925034000011124,0.017155658999996604,1,90000
1406,0.028125596999998947,0.014673879000000056,1,90000
1407,0.031479250000003844,0.017053931999996053,1,90000
1408,0.030785317999999506,0.01751526999998987,1,90000
1409,0.03274704100000747,0.01726286699999946,1,90000
1410,0.03168477099998768,0.01681964500001243,2,90000
1411,0.032807133000005706,0.016909376000000975,2,90000
1412,0.027275867000000176,0.014579939000000763,2,90000
1413,0.03211929900000143,0.015909491000002163,2,90000
1414,0.033545208999996134,0.017550223000000642,2,90000
1415,0.033215382999998155,0.016731968000001984,3,90000
1416,0.028413190999998506,0.014507758999997122,3,90000
1417,0.03129044000000647,0.016863763000003473,3,90000
1418,0.03284083900000212,0.016869124999999485,3,90000
1419,0.030756057000004944,0.024175130000003264,3,90000
1420,0.03217459500000075,0.016551409000001627,4,90000
1421,0.031101119999988214,0.018428885000005835,4,90000
1422,0.028098739000000705,0.01434927199998981,4,90000
1423,0.03397799699999382,0.01638702500000022,4,90000
1424,0.02796672899999919,0.014368048999997995,4,90000
1425,0.031185956000001624,0.016414682000004177,5,90000
1426,0.030155698000001507,0.015597055000000637,5,90000
1427,0.03434956400000999,0.01715515200000084,5,90000
1428,0.03623416100001009,0.01742718100000218,5,90000
1429,0.03624682500000631,0.017756818999998814,5,90000
1430,0.030879715000011743,0.016864779999991697,6,90000
1431,0.03156645800000035,0.01689636199999711,6,90000
1432,0.029056208000000083,0.017384156000005646,6,90000
1433,0.03108353499999339,0.017467483000004336,6,90000
1434,0.02933003199999007,0.01899676899999747,6,90000
1435,0.031284414999987575,0.01649527799999362,7,90000
1436,0.030721755999991274,0.016254729999999995,7,90000
1437,0.035933960999997794,0.01676321600000108,7,90000
1438,0.03606190300000378,0.01766538100000048,7,90000
1439,0.039135120000011625,0.017978904000003126,7,90000
1440,0.0392167269999959,0.016338872999995147,8,90000
1441,0.03975893500000893,0.017337202000007323,8,90000
1442,0.039927615999999944,0.017540539000009403,8,90000
1443,0.033571499000004223,0.016561480000007123,8,90000
1444,0.031241714999993064,0.016851524000003337,8,90000
1445,0.03193797100000495,0.017265328000007685,9,90000
1446,0.038791738000000464,0.01705049899999267,9,90000
1447,0.033953867999997556,0.016883139000000824,9,90000
1448,0.03364750800000138,0.0166098619999957,9,90000
1449,0.033590860000003886,0.016458123999996133,9,90000
1450,0.02861517099999844,0.015687330000005772,10,90000
1451,0.03175567499999943,0.0156279469999987,10,90000
1452,0.03321887599999229,0.015842769000002477,10,90000
1453,0.03149759699999777,0.017120052999999302,10,90000
1454,0.03213694800000155,0.01717906599999708,10,90000
1455,0.030087711999996714,0.016176276000010148,11,90000
1456,0.03349284599998725,0.01665231900000208,11,90000
1457,0.033971191999995654,0.018856587999991348,11,90000
1458,0.033579147000011744,0.017245947000006367,11,90000
1459,0.027045369999996183,0.014684197000008226,11,90000
1460,0.03217076100000327,0.016212214000006497,12,90000
1461,0.03127263999999741,0.01630876900000544,12,90000
1462,0.03323254200000747,0.016524607000008018,12,90000
1463,0.03310265499999332,0.016308968999993567,12,90000
1464,0.034972412000001896,0.025289357999994877,12,90000
1465,0.0321524129999915,0.017421569999996223,13,90000
1466,0.031158167000000958,0.01754333699999222,13,90000
1467,0.029885647000000404,0.01659431200000938,13,90000
1468,0.0324640799999969,0.016547344000002795,13,90000
1469,0.033626350999995225,0.01656616100000008,13,90000
1470,0.03370143700000483,0.01704211599999894,14,90000
1471,0.03129643799999826,0.015599031999997237,14,90000
1472,0.03276662300000055,0.017124086999999122,14,90000
1473,0.031456910000002836,0.015868296999997256,14,90000
1474,0.031961443000000145,0.016650000999987924,14,90000
1475,0.031128137999999694,0.016363409000007323,15,90000
1476,0.029444204000000695,0.01562760699999899,15,90000
1477,0.031127882000006935,0.01554109999999298,15,90000
1478,0.032132415999996056,0.01665777400000934,15,90000
1479,0.03334865400000808,0.01583726299999455,15,90000
1480,0.028400623000010228,0.01534640599999193,16,90000
1481,0.0303644580000082,0.016228509999990592,16,90000
1482,0.03355383800000311,0.016824546000009377,16,90000
1483,0.031746823000005975,0.016849266000008356,16,90000
1484,0.03318765299999882,0.01688734999999042,16,90000
1485,0.030048004999997602,0.017095396000001983,17,90000
1486,0.0327124490000017,0.015336494999999672,17,90000
1487,0.031643553000009206,0.0155188800000019,17,90000
1488,0.03226104199998758,0.01758963300000005,17,90000
1489,0.03236454999999694,0.018018561000005207,17,90000
1490,0.03090262999999993,0.015363849999999957,18,90000
1491,0.031675672999995186,0.01713199400001031,18,90000
1492,0.03276083000000085,0.01728899700000852,18,90000
1493,0.033522161999997024,0.016884875000002353,18,90000
1494,0.027616405000003397,0.01433068499999024,18,90000
1495,0.03216022400000895,0.01665947799999401,19,90000
1496,0.031791218999998705,0.01614610500000424,19,90000
1497,0.03140234599999303,0.01614484400001004,19,90000
1498,0.02986270799999602,0.015381324999992785,19,90000
1499,0.031696511999996346,0.015945219000002453,19,90000
1500,0.04461350300000788,0.018605453999995802,0,95000
1501,0.03276232099999277,0.01819642399999566,0,95000
1502,0.0336727250000024,0.017661578999991434,0,95000
1503,0.03342342599999881,0.01724833699999806,0,95000
1504,0.031173428000002446,0.01751595800000416,0,95000
1505,0.032470363999991037,0.01858353899999088,1,95000
1506,0.03369224700000473,0.018158634000002394,1,95000
1507,0.03487702500000012,0.0184921669999909,1,95000
1508,0.033626326000003814,0.01783892899999273,1,95000
1509,0.03363124500000936,0.01739042399999846,1,95000
1510,0.033472517000006974,0.01719731900000454,2,95000
1511,0.03360169900000187,0.0168313009999963,2,95000
1512,0.033270399000002726,0.01787229400000001,2,95000
1513,0.032407205000012596,0.016536345999995206,2,95000
1514,0.033560480000005555,0.017545400000003042,2,95000
1515,0.03025920000000326,0.015213965999990364,3,95000
1516,0.03344764500000963,0.01848039699999049,3,95000
1517,0.035017840999998384,0.01820461100000159,3,95000
1518,0.029967388999992295,0.01672623100000692,3,95000
1519,0.03125216400000852,0.01834252599999786,3,95000
1520,0.034575647000011145,0.01639729900000475,4,95000
1521,0.03345760199999859,0.017272472000001926,4,95000
1522,0.033066231000006496,0.01837157599999273,4,95000
1523,0.035460610000001225,0.016098732000003224,4,95000
1524,0.034192807000010816,0.018598453999999265,4,95000
1525,0.03510166600000275,0.018170803000003843,5,95000
1526,0.03337624100001335,0.0176786140000047,5,95000
1527,0.03298890399999266,0.017374308000000838,5,95000
1528,0.03285809099999426,0.017184864999990168,5,95000
1529,0.032949850000008496,0.01708463399999971,5,95000
1530,0.032565328000004,0.017931945000000837,6,95000
1531,0.03532092300000045,0.017233453000002896,6,95000
1532,0.03377875900000049,0.018013714999995045,6,95000
1533,0.03332873200000108,0.01756088099999431,6,95000
1534,0.03337357999998858,0.016460795000000417,6,95000
1535,0.030877475000011145,0.016936619999995628,7,95000
1536,0.033070202000004656,0.01843445199999394,7,95000
1537,0.03405067500000314,0.017752538999999956,7,95000
1538,0.032497732999999585,0.017279244999997445,7,95000
1539,0.03165982800000222,0.017675780000004693,7,95000
1540,0.031925232000006076,0.019866313999997942,8,95000
1541,0.03524451600000589,0.01771850999999458,8,95000
1542,0.033796171999995295,0.017095684999986815,8,95000
1543,0.03291751700000134,0.016869393999996873,8,95000
1544,0.032296345999995424,0.01698392900000556,8,95000
1545,0.03344272100000012,0.01698463600000366,9,95000
1546,0.03345471399998701,0.018289658000000486,9,95000
1547,0.03240184599999907,0.0180663710000033,9,95000
1548,0.032900014000006195,0.017657782000000566,9,95000
1549,0.031745460999999864,0.015959735999999225,9,95000
1550,0.03462436300000604,0.01818548900000394,10,95000
1551,0.03309744400000625,0.017902599999999325,10,95000
1552,0.033585145000003536,0.017498174000010636,10,95000
1553,0.03220575400000314,0.017433064999991643,10,95000
1554,0.03504526099999339,0.016727795000008427,10,95000
1555,0.03431728999998995,0.018218613000001938,11,95000
1556,0.03561708299999111,0.01734381199999291,11,95000
1557,0.03301297900000577,0.017122327999999243,11,95000
1558,0.0333624350000008,0.018085768000005942,11,95000
1559,0.03323306199999365,0.017680742999999666,11,95000
1560,0.03399334800000986,0.016992502999997328,12,95000
1561,0.03246162199999958,0.017086065000000872,12,95000
1562,0.03259240699999566,0.016903206999998588,12,95000
1563,0.03280848299999661,0.016876039999999648,12,95000
1564,0.032658257999997886,0.016844961000003877,12,95000
1565,0.030388620000010746,0.015194473000008202,13,95000
1566,0.031858470999992505,0.016926123000004623,13,95000
1567,0.03331516100000442,0.01789495500000271,13,95000
1568,0.03357954000000518,0.01757185200000322,13,95000
1569,0.03407184900000004,0.018522568999998157,13,95000
1570,0.034379090999991035,0.017253173000000288,14,95000
1571,0.033888892999996756,0.017186344000009512,14,95000
1572,0.03455989399999737,0.016245526999995263,14,95000
1573,0.03180537000000072,0.016841947999992612,14,95000
1574,0.031981618999992634,0.01704717199999095,14,95000
1575,0.033830969999996796,0.018239540999999804,15,95000
1576,0.03294975900000452,0.01797257699999477,15,95000
1577,0.034241292000004364,0.017420345000005,15,95000
1578,0.034015797999998654,0.01716320299999552,15,95000
1579,0.033477042000001234,0.018423067000000515,15,95000
1580,0.034170095999996875,0.01829902800000127,16,95000
1581,0.033003456000002984,0.01654037699999833,16,95000
1582,0.03195267300000637,0.01638694099999327,16,95000
1583,0.03300522600000022,0.01677659799999276,16,95000
1584,0.03091634599999793,0.01696360000001107,16,95000
1585,0.03365797700000428,0.017476553999998146,17,95000
1586,0.03186898300000962,0.01745687900000803,17,95000
1587,0.03279929900000411,0.017251769999987232,17,95000
1588,0.040734743999991,0.023084046999997554,17,95000
1589,0.03368034999999736,0.017637864000008108,17,95000
1590,0.03340838199999041,0.017002903000005176,18,95000
1591,0.03016527599999108,0.016414685999990297,18,95000
1592,0.03256406299999526,0.016061419000010346,18,95000
1593,0.03403881999999214,0.01752037800000039,18,95000
1594,0.03462009400000454,0.01689050699999939,18,95000
1595,0.030860685999996917,0.017554576999998517,19,95000
1596,0.03345715500000779,0.017256387000003315,19,95000
1597,0.0328537679999954,0.01858437599999263,19,95000
1598,0.03475821900001108,0.01783946700000172,19,95000
1599,0.03299714400000653,0.017518593000005467,19,95000
